id,to_concept_id,from_concept_id
0,1442,3249
1,4659,3
2,4660,3
3,4661,3
4,3249,4
5,3249,3276
6,4723,10
7,5142,10
8,3333,3334
9,3333,3357
10,3,3358
11,3334,3358
12,3357,3397
13,3358,3397
14,23,24
15,9660,26
16,9661,26
17,9051,32
18,9055,96
19,9852,96
20,3868,100
21,8934,77
22,6781,77
23,4697,4699
24,100,82
25,4697,4709
26,175,3001
27,651,2334
28,77,3001
29,176,3001
30,157,3001
31,5141,10741
32,5620,10741
33,77,3144
34,6781,3144
35,157,3160
36,6781,3160
37,8934,3161
38,8933,3167
39,175,3167
40,176,3167
41,4678,3167
42,6870,3167
43,4678,3179
44,96,100
45,5190,82
46,106,107
47,107,108
48,7944,116
49,8790,117
50,3793,117
51,3798,3820
52,2787,3262
53,3264,3875
54,3821,3877
55,7933,2615
56,2068,2616
57,2073,2616
58,2615,2617
59,2068,2617
60,2615,2618
61,2073,2618
62,2615,2619
63,2616,2619
64,1875,2620
65,1875,2621
66,7943,2621
67,3891,3893
68,3895,150
69,3890,153
70,3891,153
71,8933,157
72,8933,8935
73,3826,163
74,3827,163
75,3828,163
76,163,164
77,5619,169
78,8933,9100
79,8933,175
80,8934,176
81,175,177
82,4957,188
83,2620,2625
84,192,2626
85,192,2627
86,190,197
87,5190,2337
88,3347,2359
89,4703,2359
90,2621,3682
91,202,3691
92,190,204
93,202,3692
94,190,217
95,3693,3703
96,3702,3703
97,188,219
98,3693,3704
99,3702,3704
100,1728,3728
101,176,223
102,177,223
103,8934,224
104,8933,225
105,224,226
106,226,227
107,226,9110
108,227,9110
109,452,3751
110,3751,3752
111,2621,3753
112,227,9111
113,227,9147
114,3681,3756
115,3756,3757
116,3756,3825
117,3757,3825
118,227,9148
119,4604,253
120,253,258
121,9148,9151
122,9150,9151
123,9151,9153
124,9150,9154
125,9151,9154
126,9150,9155
127,9151,9155
128,9150,9156
129,9151,9156
130,3249,3399
131,3250,3399
132,253,289
133,254,289
134,253,290
135,4724,291
136,6776,7307
137,7307,7308
138,7308,7309
139,7797,307
140,7798,307
141,7799,307
142,307,308
143,308,309
144,320,9157
145,9158,9193
146,3399,3400
147,3399,3401
148,3251,3401
149,3400,3427
150,3400,3428
151,5254,337
152,6805,339
153,6804,342
154,333,5256
155,6804,346
156,3249,3916
157,190,3916
158,3916,3918
159,1872,3826
160,8238,3827
161,3826,3828
162,3827,3828
163,363,355
164,2096,5258
165,3918,9163
166,1873,5259
167,1873,5260
168,2129,360
169,5653,3918
170,2129,5266
171,7598,363
172,2129,5267
173,363,365
174,2129,10313
175,2129,10328
176,3918,3920
177,10329,10330
178,8006,371
179,8014,371
180,8015,371
181,8017,371
182,8019,371
183,8020,371
184,8021,371
185,8016,371
186,8018,371
187,8022,371
188,10329,10332
189,8006,373
190,8014,373
191,8015,373
192,8017,373
193,8019,373
194,8020,373
195,8021,373
196,8016,373
197,8018,373
198,10332,374
199,375,376
200,9151,9194
201,375,9194
202,375,9195
203,375,9196
204,9194,9196
205,9196,9197
206,9195,9198
207,9196,9198
208,9197,9199
209,9198,9199
210,9199,9207
211,9199,9208
212,9199,9209
213,9197,9210
214,9199,9210
215,9197,9211
216,9194,9215
217,9150,9216
218,4959,391
219,6784,399
220,2110,5268
221,8005,5268
222,481,5269
223,8005,5269
224,481,5270
225,481,5271
226,8006,405
227,8014,405
228,8015,405
229,8017,405
230,8019,405
231,8020,405
232,8021,405
233,8016,405
234,8018,405
235,8022,405
236,405,407
237,8006,407
238,8014,407
239,8015,407
240,8017,407
241,8019,407
242,8020,407
243,8021,407
244,8016,407
245,8018,407
246,8022,407
247,3918,408
248,4680,408
249,8006,409
250,8014,409
251,8015,409
252,8017,409
253,8019,409
254,8020,409
255,8021,409
256,8016,409
257,8018,409
258,8022,409
259,8006,411
260,8014,411
261,8015,411
262,8017,411
263,8019,411
264,8020,411
265,8021,411
266,8016,411
267,8018,411
268,8022,411
269,408,413
270,4678,413
271,3751,5288
272,5288,5289
273,1876,5289
274,3751,5290
275,5288,5290
276,5289,5290
277,5290,5297
278,1876,5297
279,3751,5298
280,5288,5298
281,5290,5298
282,5289,425
283,5297,425
284,1876,425
285,5288,426
286,5290,426
287,425,426
288,8124,429
289,427,5311
290,428,5311
291,428,434
292,5311,434
293,5311,435
294,434,435
295,7935,436
296,7936,436
297,8124,436
298,427,437
299,428,437
300,8129,438
301,8131,438
302,8132,438
303,438,439
304,8129,439
305,8130,439
306,8132,439
307,428,440
308,437,441
309,440,441
310,438,443
311,439,443
312,8129,443
313,8130,443
314,8132,443
315,444,445
316,444,446
317,351,447
318,8122,447
319,8095,447
320,446,448
321,2111,448
322,446,449
323,2111,449
324,3400,5264
325,448,451
326,2111,451
327,351,452
328,447,452
329,8122,452
330,2111,454
331,2111,455
332,454,456
333,455,456
334,351,458
335,447,458
336,8122,458
337,3400,9182
338,5836,461
339,6648,461
340,447,464
341,5836,465
342,6648,465
343,459,466
344,459,5532
345,3399,5264
346,5653,5264
347,5654,5264
348,459,5542
349,459,5543
350,452,471
351,459,5544
352,3400,5318
353,5544,10395
354,351,10396
355,10398,10400
356,5836,481
357,7918,481
358,8005,481
359,10401,10402
360,3399,486
361,5318,486
362,3400,491
363,3399,5320
364,404,5320
365,491,5320
366,4680,494
367,4681,5322
368,8879,5323
369,8879,5326
370,5323,511
371,5331,511
372,511,5334
373,511,5337
374,8006,7636
375,8014,7636
376,8015,7636
377,8017,7636
378,8019,7636
379,8020,7636
380,8021,7636
381,8016,7636
382,8018,7636
383,8022,7636
384,8122,7637
385,8122,7653
386,7666,5372
387,9159,5372
388,5334,5374
389,5334,5375
390,5334,5376
391,5374,5377
392,5375,5377
393,5376,5377
394,162,5803
395,5377,5803
396,7945,574
397,8122,574
398,5375,5804
399,5376,5804
400,351,7224
401,1728,7224
402,351,7225
403,7224,7225
404,351,7226
405,7224,7226
406,7225,7226
407,3729,7227
408,351,7227
409,7226,7228
410,426,7229
411,7227,7230
412,7228,7230
413,7229,7230
414,2129,588
415,587,589
416,587,590
417,588,590
418,589,590
419,588,591
420,589,591
421,339,592
422,2102,592
423,2105,592
424,10615,592
425,10618,592
426,339,593
427,2102,593
428,2105,593
429,10615,593
430,10618,593
431,2129,594
432,351,596
433,2111,596
434,3824,598
435,7227,598
436,596,598
437,3824,599
438,7227,599
439,596,599
440,3824,600
441,7227,600
442,596,600
443,3824,601
444,7227,601
445,596,601
446,3729,602
447,3824,602
448,7225,602
449,7226,602
450,596,602
451,309,606
452,309,605
453,606,605
454,605,606
455,3751,610
456,452,611
457,452,612
458,610,614
459,612,614
460,8091,615
461,8138,615
462,8091,616
463,8138,616
464,616,617
465,8091,618
466,8138,618
467,618,619
468,8091,9590
469,8138,9590
470,5532,10403
471,5542,10403
472,459,10404
473,10403,10404
474,5532,623
475,459,624
476,10404,625
477,624,625
478,10403,626
479,457,627
480,463,628
481,627,628
482,8876,2359
483,285,2361
484,5825,2362
485,5190,2363
486,3378,651
487,3843,651
488,4252,2378
489,5192,2378
490,5338,5805
491,6649,5805
492,5197,2379
493,5198,2379
494,5199,2379
495,10817,2379
496,5197,2380
497,5199,2380
498,10817,2380
499,5198,2381
500,5199,2381
501,9931,706
502,705,706
503,7229,708
504,3729,709
505,707,709
506,708,709
507,1876,709
508,2111,710
509,596,711
510,710,711
511,596,712
512,710,712
513,2111,712
514,596,713
515,710,713
516,2111,713
517,710,714
518,603,770
519,78,5261
520,4709,5308
521,9728,5308
522,5308,5595
523,8418,811
524,8419,811
525,8420,811
526,8418,812
527,8419,812
528,8420,812
529,333,813
530,337,813
531,5254,813
532,5255,813
533,343,814
534,5256,814
535,348,814
536,813,5505
537,5505,5506
538,813,5507
539,337,818
540,813,818
541,5255,818
542,343,5510
543,5256,5510
544,5507,5510
545,972,5534
546,5766,5765
547,5118,5769
548,8425,5770
549,8425,5771
550,8427,5773
551,8428,5773
552,5769,5775
553,8432,5776
554,8431,5777
555,8432,5777
556,5779,837
557,105,839
558,5766,844
559,5765,844
560,4668,971
561,4672,971
562,1259,971
563,4662,972
564,9161,972
565,9162,972
566,971,975
567,6925,988
568,1542,988
569,972,994
570,972,996
571,9166,1000
572,6784,1001
573,10169,1001
574,6784,1002
575,78,1009
576,1009,1011
577,1010,1011
578,7518,1015
579,7518,1016
580,1015,1016
581,7518,7552
582,987,7553
583,5377,5813
584,1011,10607
585,9832,10608
586,10181,10608
587,987,7557
588,5374,5813
589,5375,5813
590,5376,5813
591,5375,5818
592,4678,5818
593,2010,5837
594,395,5847
595,5819,5847
596,5837,5847
597,9923,5906
598,5819,5906
599,5837,5906
600,30,1106
601,10568,1107
602,392,1109
603,1110,7118
604,1110,1117
605,2123,7123
606,1110,1120
607,7123,1120
608,6783,6831
609,6781,6834
610,6834,6836
611,6838,6837
612,6783,6839
613,6834,6839
614,6783,6840
615,6831,1137
616,6781,6870
617,6781,6873
618,6783,6873
619,8836,7126
620,7120,7127
621,8836,7127
622,7123,7128
623,7126,7128
624,2119,7167
625,7168,7169
626,6873,6875
627,6839,6840
628,6783,1167
629,6873,1167
630,6831,6876
631,6873,6876
632,1184,1185
633,6839,6877
634,6875,6877
635,3249,6879
636,6878,1199
637,1180,1201
638,1184,1201
639,1200,1201
640,1200,1202
641,1180,1203
642,1201,1203
643,1199,1204
644,1204,7001
645,4724,7029
646,6781,7068
647,8934,1210
648,226,1210
649,9110,1211
650,9158,1211
651,9148,1212
652,375,1212
653,9197,9217
654,9217,9219
655,9196,9235
656,9219,9238
657,9235,9238
658,9219,9239
659,9195,1218
660,1218,1219
661,1218,9244
662,1218,9245
663,1219,9245
664,1218,1222
665,9244,1222
666,1218,1224
667,9235,1225
668,1226,1227
669,6783,7077
670,7077,7141
671,4962,1248
672,4957,1250
673,4961,1250
674,1250,1252
675,1251,1252
676,4967,1254
677,705,1255
678,706,1255
679,5762,1256
680,5782,1256
681,5788,1257
682,3704,1260
683,5788,1260
684,6795,1263
685,6784,1264
686,6795,1264
687,6825,1268
688,9185,1269
689,5780,1270
690,9187,1271
691,6827,1273
692,6828,1273
693,8893,8894
694,8895,8896
695,7920,8911
696,428,8913
697,1395,1356
698,3793,4655
699,9195,1371
700,9195,1372
701,1371,1372
702,1371,1373
703,1371,1374
704,1373,1374
705,9150,1375
706,9151,1375
707,1371,1375
708,1395,1397
709,2111,4657
710,1395,4657
711,4605,4655
712,7696,1422
713,7696,1439
714,10747,1440
715,1256,1442
716,116,4658
717,8790,4658
718,116,4659
719,8790,4659
720,8790,4660
721,116,4661
722,8790,4661
723,1440,1449
724,7696,1450
725,454,1453
726,1452,1453
727,1452,1454
728,1452,1455
729,4662,4664
730,4663,4664
731,1728,1463
732,5266,1494
733,1494,1531
734,1532,1533
735,10330,1534
736,1373,1535
737,1375,1535
738,1375,1536
739,1535,1536
740,1371,1537
741,1375,1537
742,9196,1538
743,1537,1538
744,1535,1539
745,1536,1539
746,8934,1540
747,1537,1540
748,1535,1541
749,1541,1542
750,1541,1543
751,1542,1543
752,1542,1544
753,1543,1544
754,1541,1546
755,1544,1546
756,10330,1548
757,1576,1577
758,1576,1578
759,1577,1578
760,1532,1579
761,1576,1579
762,5844,1580
763,5844,1582
764,1375,1638
765,355,7691
766,365,7691
767,371,7782
768,371,7788
769,7788,7789
770,7788,7818
771,7789,7818
772,547,7823
773,559,7823
774,6806,1707
775,1707,1722
776,458,1726
777,1727,1728
778,464,1872
779,452,1873
780,1872,1874
781,5834,1875
782,452,1876
783,1873,1876
784,452,1877
785,1873,1877
786,452,1880
787,7937,1934
788,7309,1935
789,309,1935
790,1934,1962
791,7937,1962
792,7309,1963
793,309,1963
794,8138,1982
795,8091,1982
796,8138,1983
797,8091,1983
798,1983,1984
799,8135,1984
800,1983,1985
801,8135,1985
802,8091,1985
803,7912,7271
804,7916,7271
805,7916,7268
806,8004,7268
807,7916,7305
808,8004,7305
809,7916,2047
810,8004,2047
811,7268,2048
812,7305,2048
813,7916,2048
814,8004,2048
815,7271,2050
816,7268,2050
817,7305,2050
818,2047,2050
819,2048,2050
820,2049,2050
821,331,2054
822,2055,2063
823,2055,2065
824,6805,2065
825,2055,2066
826,6804,2066
827,2067,2068
828,2071,2072
829,7817,2073
830,7789,2074
831,7818,2074
832,339,2075
833,342,2075
834,346,2075
835,7920,2075
836,7921,2075
837,7693,2075
838,7694,2075
839,339,2076
840,342,2076
841,346,2076
842,7920,2076
843,7921,2076
844,7693,2076
845,7694,2076
846,339,2077
847,342,2077
848,346,2077
849,7920,2077
850,7921,2077
851,7693,2077
852,7694,2077
853,339,2078
854,342,2078
855,346,2078
856,7920,2078
857,7921,2078
858,7693,2078
859,7694,2078
860,1983,2085
861,1984,2085
862,8135,2085
863,8138,2086
864,1984,2087
865,8137,2087
866,7811,2089
867,8092,2089
868,8093,2089
869,7811,2090
870,7810,2091
871,8094,2091
872,8096,2091
873,7595,2092
874,7598,2092
875,8092,2092
876,351,2093
877,7944,2093
878,8097,2094
879,461,8238
880,1872,8238
881,461,2096
882,1872,2096
883,1872,2097
884,452,2098
885,452,2099
886,452,2100
887,464,2100
888,452,2101
889,464,2101
890,331,2102
891,2053,2103
892,2065,2104
893,332,2105
894,2052,2105
895,2053,2105
896,7920,8244
897,452,2107
898,475,2107
899,481,2107
900,452,2108
901,475,2108
902,481,2108
903,2107,2108
904,5836,2110
905,7918,2110
906,8005,2110
907,2110,2111
908,6776,2112
909,7925,2112
910,7929,2113
911,475,2114
912,2112,2114
913,7926,2114
914,475,2115
915,2113,2115
916,7929,2115
917,2053,2116
918,342,2119
919,346,2119
920,342,2120
921,346,2120
922,2120,2121
923,346,2122
924,2122,2123
925,1984,2125
926,2085,2125
927,2086,2126
928,1985,2127
929,2087,2127
930,8137,2127
931,8091,2127
932,7920,2129
933,7921,2129
934,7693,2129
935,7694,2129
936,7920,2131
937,7921,2131
938,7693,2131
939,7694,2131
940,2079,2133
941,6807,2133
942,7922,2133
943,8095,2133
944,7922,2134
945,4712,2334
946,5189,2334
947,5825,2336
948,82,2337
949,9161,4665
950,5705,4665
951,9165,4666
952,5763,4669
953,4662,4668
954,5782,4672
955,5654,4678
956,5654,4679
957,6784,4680
958,2334,2359
959,2334,2360
960,2359,2361
961,2360,2363
962,82,651
963,2337,651
964,5190,651
965,4178,2378
966,4676,2379
967,4698,2379
968,4698,2380
969,4676,2381
970,4698,2381
971,8905,2754
972,2754,2757
973,2759,2760
974,2759,2762
975,8882,2496
976,9055,2497
977,2763,2765
978,3348,3021
979,2715,3022
980,4756,3022
981,2121,2531
982,7118,2602
983,26,2603
984,26,2604
985,9055,2605
986,9058,2609
987,9928,2610
988,2610,2611
989,2612,2613
990,2611,2614
991,2615,2616
992,7944,2616
993,7800,2617
994,7801,2617
995,7800,2618
996,7801,2618
997,7800,2619
998,7801,2619
999,2620,2626
1000,2626,2627
1001,2754,3025
1002,2757,3026
1003,2762,3027
1004,2763,3027
1005,2643,2644
1006,2643,2645
1007,9166,4683
1008,4682,4684
1009,4683,4685
1010,4684,4685
1011,5333,3040
1012,1263,4686
1013,4680,4686
1014,4685,4686
1015,9171,4687
1016,9172,4688
1017,9166,4780
1018,6784,4781
1019,6795,2666
1020,3041,3044
1021,3028,3045
1022,3041,3045
1023,3086,3045
1024,2763,3084
1025,4974,3084
1026,9021,3086
1027,3040,3084
1028,3087,3084
1029,8897,3084
1030,4757,3084
1031,5191,3092
1032,1184,2712
1033,2716,2717
1034,2716,2718
1035,1181,2719
1036,1182,2719
1037,8404,2724
1038,2723,2724
1039,2726,2727
1040,8895,3175
1041,8896,3176
1042,9022,3178
1043,8896,3185
1044,8876,2754
1045,2754,2756
1046,2754,2760
1047,2756,2760
1048,2759,2763
1049,2762,2763
1050,2757,2765
1051,2758,2765
1052,2763,2766
1053,2754,2768
1054,2769,3945
1055,3942,3945
1056,2769,3942
1057,3947,2773
1058,4781,4785
1059,2666,4785
1060,2666,4786
1061,4785,4795
1062,4785,4796
1063,4795,4796
1064,4785,4793
1065,4793,4794
1066,4786,4797
1067,6795,4797
1068,4786,4799
1069,4786,4798
1070,6795,4798
1071,4785,4800
1072,2769,2786
1073,3942,2786
1074,3947,2786
1075,3944,2786
1076,3943,2786
1077,3948,2786
1078,2769,2787
1079,3945,2787
1080,8790,2792
1081,4658,2792
1082,4659,2792
1083,4660,2792
1084,5762,2792
1085,2787,3957
1086,3955,3957
1087,5763,3959
1088,5809,3959
1089,3955,3959
1090,2793,3960
1091,3959,3960
1092,3955,3960
1093,2824,3963
1094,2769,2824
1095,2773,2824
1096,2787,2824
1097,3959,2824
1098,3960,2824
1099,2831,2832
1100,2831,2840
1101,2832,2840
1102,3963,2841
1103,2824,2841
1104,1257,2841
1105,3963,2842
1106,2841,2842
1107,1263,4803
1108,4785,4803
1109,4803,2848
1110,9167,2848
1111,4803,2849
1112,4803,4804
1113,9171,4804
1114,4803,4805
1115,4803,2852
1116,9168,2852
1117,4803,2853
1118,9170,2853
1119,1268,4957
1120,6825,4957
1121,4961,4963
1122,4961,4964
1123,4961,4965
1124,4964,4966
1125,4972,2868
1126,4972,2869
1127,4972,2870
1128,4972,2871
1129,4781,4974
1130,4961,4975
1131,4780,4976
1132,4663,3964
1133,4671,3964
1134,4786,4979
1135,4802,4980
1136,4969,4980
1137,4979,4980
1138,6783,77
1139,6781,3001
1140,6783,3001
1141,4722,3021
1142,6800,3023
1143,2759,3024
1144,6800,3024
1145,3024,3025
1146,8404,3025
1147,3024,3026
1148,3027,3028
1149,4703,3028
1150,2766,3029
1151,8879,3039
1152,2010,3040
1153,2760,3042
1154,2764,3042
1155,3025,3043
1156,2010,3043
1157,2763,3045
1158,2766,3045
1159,3044,3084
1160,3039,3085
1161,3040,3085
1162,3041,3085
1163,3045,3086
1164,3041,3087
1165,3044,3087
1166,8894,3188
1167,4886,3189
1168,8887,3189
1169,8897,3189
1170,4886,3190
1171,8887,3190
1172,8897,3190
1173,3189,3204
1174,3190,3204
1175,9022,3205
1176,8899,3205
1177,3178,3207
1178,9022,3207
1179,3345,3208
1180,5000,3208
1181,5333,3209
1182,5654,3161
1183,5827,3345
1184,5842,3345
1185,5843,3345
1186,6800,3345
1187,5842,3346
1188,5843,3346
1189,6800,3346
1190,4703,3347
1191,4704,3348
1192,2717,3349
1193,4756,3349
1194,7248,3173
1195,8873,3174
1196,4841,3175
1197,3175,3176
1198,8871,3177
1199,8872,3177
1200,3178,3185
1201,3185,3188
1202,3176,3189
1203,3175,3190
1204,3176,3190
1205,256,3350
1206,1582,3350
1207,5189,3351
1208,5191,3200
1209,5192,3202
1210,3173,3203
1211,3085,3205
1212,3177,3205
1213,3178,3205
1214,3188,3205
1215,3205,3206
1216,8890,3208
1217,3085,3209
1218,3188,3209
1219,3208,3209
1220,3206,3210
1221,3208,3210
1222,2010,3210
1223,6877,3225
1224,6877,3226
1225,77,3230
1226,3226,3243
1227,116,3249
1228,8790,3251
1229,2792,3
1230,6870,3253
1231,5655,3262
1232,5655,3263
1233,5707,3263
1234,5763,3264
1235,9044,9053
1236,9050,9053
1237,1707,9055
1238,1548,9065
1239,9044,9067
1240,10821,9071
1241,589,9077
1242,595,9081
1243,6875,3274
1244,78,4
1245,4724,4
1246,7977,3276
1247,7977,3277
1248,1583,3288
1249,2085,3291
1250,9797,3291
1251,3179,3274
1252,3230,3274
1253,4657,3317
1254,1266,3343
1255,3343,3344
1256,6800,3344
1257,5827,3346
1258,6802,3346
1259,8877,3347
1260,8878,3348
1261,9074,3350
1262,3092,3351
1263,9074,3351
1264,651,3352
1265,7248,3368
1266,3959,3379
1267,3378,3380
1268,9829,3380
1269,10170,3380
1270,3380,3381
1271,3378,3382
1272,3379,3382
1273,2842,3396
1274,3378,3396
1275,4700,3399
1276,8790,3399
1277,4658,3400
1278,78,3490
1279,3490,3520
1280,3490,3535
1281,3520,3535
1282,6783,3536
1283,6870,3536
1284,8933,3537
1285,8934,3537
1286,6781,3226
1287,8933,3230
1288,8934,3230
1289,6781,3230
1290,175,3243
1291,3225,3243
1292,6781,3243
1293,8933,3543
1294,175,3543
1295,3225,3543
1296,3226,3543
1297,3490,3546
1298,2787,3609
1299,3490,3625
1300,3617,3625
1301,3546,3647
1302,2620,3691
1303,2621,3691
1304,2623,3691
1305,3681,3691
1306,3691,3692
1307,2091,3693
1308,2091,3702
1309,447,3728
1310,3729,3751
1311,3753,3755
1312,3755,3756
1313,3755,3757
1314,1878,3757
1315,7944,4700
1316,2620,3793
1317,116,3794
1318,6648,3795
1319,2620,3795
1320,2623,3795
1321,2627,3798
1322,3916,3799
1323,3682,3804
1324,606,3804
1325,3691,3806
1326,3692,3806
1327,5262,3808
1328,3400,3814
1329,3916,3815
1330,5262,3815
1331,9195,3819
1332,3806,3821
1333,9797,9123
1334,3291,3823
1335,9120,3823
1336,9124,3823
1337,9797,3823
1338,1878,3824
1339,1878,3825
1340,3755,3826
1341,3755,3827
1342,3755,3828
1343,2098,3828
1344,78,3829
1345,4699,3829
1346,5261,3830
1347,9728,3830
1348,3843,3844
1349,1011,3862
1350,10608,3863
1351,3862,3863
1352,3396,3864
1353,1011,3865
1354,1249,3867
1355,1250,3868
1356,1251,3868
1357,1252,3868
1358,1253,3869
1359,9856,3869
1360,3867,3870
1361,3868,3870
1362,3869,3870
1363,3867,3871
1364,3869,3871
1365,3860,3873
1366,3872,3873
1367,10817,3873
1368,2831,3906
1369,2831,3907
1370,6784,3935
1371,1258,3942
1372,9159,3943
1373,9160,3944
1374,9161,3945
1375,9162,2769
1376,9164,3947
1377,1259,3948
1378,3948,2773
1379,4665,2786
1380,2786,2787
1381,5655,2787
1382,971,3955
1383,5707,3957
1384,971,3957
1385,4663,2824
1386,4681,3966
1387,5323,4015
1388,6785,2831
1389,2832,4020
1390,2832,10812
1391,2824,4023
1392,3963,4023
1393,3963,4024
1394,4023,2841
1395,4023,2842
1396,10169,3378
1397,994,3379
1398,9812,3379
1399,996,3379
1400,9812,4042
1401,10590,4042
1402,5338,4044
1403,10745,3380
1404,9812,3381
1405,5334,4051
1406,4697,3490
1407,4725,3490
1408,2832,3535
1409,5334,4058
1410,3535,3609
1411,5595,3609
1412,3378,4060
1413,5261,3617
1414,9728,3617
1415,10777,3617
1416,5707,4064
1417,3520,3647
1418,5374,4069
1419,5334,4070
1420,4070,4072
1421,9199,4077
1422,9199,4078
1423,4050,4079
1424,10183,3858
1425,1002,10814
1426,10183,10814
1427,10181,10814
1428,4042,3859
1429,3380,3859
1430,3381,3859
1431,4047,3859
1432,3396,3859
1433,1001,3859
1434,9832,3859
1435,1011,10816
1436,235,4086
1437,9195,4101
1438,9195,4102
1439,9197,4104
1440,9200,4107
1441,10816,3860
1442,10607,10817
1443,1010,3861
1444,3863,3864
1445,4699,3865
1446,9856,3872
1447,10741,3872
1448,3873,4177
1449,10817,4178
1450,1253,4140
1451,1252,4140
1452,4140,4198
1453,3380,4144
1454,4140,4145
1455,4140,4146
1456,10814,4199
1457,9166,4199
1458,10816,4200
1459,1001,4200
1460,3396,4173
1461,4200,4173
1462,3380,4201
1463,3381,4202
1464,3960,4203
1465,3860,4178
1466,3872,4178
1467,3863,4219
1468,3647,4223
1469,3647,4186
1470,4784,4244
1471,3859,4252
1472,10816,4252
1473,3863,4314
1474,3860,4195
1475,3873,4195
1476,10817,4195
1477,3860,4196
1478,4177,4196
1479,10817,4196
1480,3868,4140
1481,3869,4140
1482,3867,4198
1483,3868,4198
1484,3869,4198
1485,3378,4200
1486,3379,4200
1487,3378,4201
1488,3396,4201
1489,3378,4202
1490,3379,4202
1491,3380,4202
1492,3378,4203
1493,3379,4203
1494,3380,4203
1495,3859,4316
1496,4679,4723
1497,4682,4723
1498,4697,4209
1499,471,4209
1500,5308,4210
1501,4679,4211
1502,4682,4211
1503,116,4212
1504,3863,4318
1505,4219,4318
1506,10817,4319
1507,10608,4219
1508,4678,4321
1509,2652,4321
1510,1011,4222
1511,3865,4222
1512,5189,4225
1513,4086,4226
1514,994,4232
1515,996,4232
1516,9811,4232
1517,9812,4232
1518,10170,4232
1519,994,4233
1520,996,4233
1521,9811,4233
1522,9812,4233
1523,10170,4233
1524,971,4234
1525,1263,10609
1526,4972,4236
1527,4783,4237
1528,4784,4237
1529,4785,4237
1530,4794,4237
1531,4796,4237
1532,4800,4237
1533,4783,4238
1534,4784,4238
1535,4794,4238
1536,4783,4239
1537,4784,4239
1538,4783,4240
1539,4785,4240
1540,4786,4240
1541,4796,4240
1542,471,4241
1543,2609,4245
1544,4795,4252
1545,4796,4252
1546,4086,4259
1547,9200,4260
1548,3378,4262
1549,3379,4262
1550,4793,4262
1551,4794,4262
1552,4795,4262
1553,4796,4262
1554,10608,4314
1555,3378,4317
1556,3379,4317
1557,2620,4318
1558,3378,4319
1559,3379,4319
1560,3862,4320
1561,4679,4321
1562,4682,4321
1563,4678,4370
1564,4682,4370
1565,4683,4371
1566,4684,4371
1567,4683,4372
1568,4684,4372
1569,4237,4374
1570,4238,4374
1571,4321,4374
1572,4322,4374
1573,4370,4374
1574,4371,4374
1575,4372,4374
1576,4238,4375
1577,4321,4375
1578,4322,4375
1579,4371,4375
1580,4372,4375
1581,4373,4375
1582,4374,4375
1583,4800,4375
1584,4321,4376
1585,4322,4376
1586,4371,4376
1587,4372,4376
1588,162,4376
1589,4321,4377
1590,4371,4377
1591,162,4377
1592,4371,4378
1593,4372,4378
1594,3873,4379
1595,4178,4417
1596,4379,4417
1597,4178,4418
1598,4379,4418
1599,4178,4419
1600,10608,4420
1601,4378,4420
1602,4379,4420
1603,4418,4420
1604,4419,4420
1605,4418,4421
1606,4419,4421
1607,4373,4433
1608,4374,4433
1609,4378,4433
1610,4417,4433
1611,4418,4433
1612,4419,4433
1613,4421,4433
1614,9200,4434
1615,3860,4435
1616,3862,4435
1617,428,26
1618,24,10568
1619,30,10569
1620,1707,1106
1621,1107,4498
1622,1107,1108
1623,4784,4373
1624,4684,4373
1625,4786,4373
1626,4684,4374
1627,4685,4374
1628,4374,4553
1629,4802,4554
1630,4374,4554
1631,10817,4417
1632,3872,4417
1633,10817,4418
1634,3872,4418
1635,10817,4419
1636,3863,4420
1637,4417,4421
1638,4553,4433
1639,4554,4433
1640,10817,4435
1641,10817,4436
1642,3873,4436
1643,1253,4436
1644,4702,4706
1645,4702,4707
1646,4706,4707
1647,4706,4722
1648,8933,4576
1649,8934,4576
1650,8933,6888
1651,3230,6888
1652,3225,3253
1653,8933,3274
1654,175,3274
1655,3225,3274
1656,3253,3274
1657,6870,3274
1658,3253,3368
1659,6870,3368
1660,3225,3317
1661,3253,3317
1662,1395,3317
1663,6870,3317
1664,8934,3799
1665,8934,3808
1666,77,3809
1667,4724,3809
1668,8933,3809
1669,157,3809
1670,1110,7170
1671,7120,7170
1672,7126,7170
1673,7167,7170
1674,8420,8421
1675,8420,8422
1676,8420,8424
1677,8426,8427
1678,8427,8428
1679,8420,8430
1680,8420,8431
1681,2715,4607
1682,2717,4607
1683,4722,4756
1684,2717,4756
1685,4966,4757
1686,4970,4757
1687,4970,4775
1688,4971,4776
1689,4964,4791
1690,4965,4757
1691,4976,4757
1692,454,4657
1693,1259,4662
1694,4662,4663
1695,8830,4663
1696,4666,4667
1697,4660,4672
1698,4998,4999
1699,9207,4676
1700,4106,4677
1701,4678,4679
1702,4782,4681
1703,6795,4684
1704,6795,4685
1705,4686,4688
1706,8903,4842
1707,4965,4886
1708,4841,4842
1709,4886,4693
1710,4841,4887
1711,4842,4887
1712,4604,78
1713,5762,78
1714,4604,4697
1715,4106,4698
1716,8891,5000
1717,5000,5001
1718,2606,5191
1719,9927,5191
1720,9158,4719
1721,4697,4720
1722,3793,3798
1723,3793,3806
1724,3795,4746
1725,3804,4746
1726,4724,3814
1727,3399,3814
1728,3814,3815
1729,3916,3819
1730,3916,3880
1731,5326,4015
1732,5334,4015
1733,5323,4044
1734,5326,4044
1735,5330,4044
1736,5333,4044
1737,5334,4044
1738,4051,4058
1739,8934,4069
1740,5334,4069
1741,8934,4070
1742,5330,4070
1743,8934,4079
1744,5334,4079
1745,375,4077
1746,9195,4077
1747,375,4086
1748,9195,4086
1749,4757,4775
1750,4967,4776
1751,9166,4783
1752,4783,4784
1753,4178,5192
1754,5000,5199
1755,5192,5199
1756,4782,4793
1757,4782,4795
1758,1259,4797
1759,376,4101
1760,3916,4101
1761,3809,4101
1762,3814,4101
1763,3819,4101
1764,376,4102
1765,3880,4102
1766,9195,4838
1767,9196,4838
1768,162,4838
1769,9195,4104
1770,7946,4104
1771,4969,4841
1772,8893,4841
1773,4969,4842
1774,375,4107
1775,4106,4107
1776,4957,4107
1777,4969,4886
1778,8893,4886
1779,190,4225
1780,6784,4225
1781,190,4226
1782,1258,4226
1783,375,4259
1784,376,4259
1785,9195,4259
1786,5827,5842
1787,5828,5842
1788,4706,5843
1789,4886,5843
1790,5827,5843
1791,9184,4961
1792,4961,4966
1793,4961,4967
1794,4965,4971
1795,4970,4971
1796,1263,4972
1797,4974,4978
1798,4975,4979
1799,2831,4998
1800,2832,4998
1801,2831,4999
1802,2832,4999
1803,2840,4999
1804,4702,5000
1805,4703,5000
1806,4703,5001
1807,114,3876
1808,3898,3899
1809,5283,5141
1810,5283,5142
1811,5653,5142
1812,4703,5189
1813,5189,5190
1814,4703,5191
1815,5192,5193
1816,2832,5195
1817,10812,5195
1818,2831,5196
1819,2832,5196
1820,5000,5197
1821,4886,5198
1822,2605,5200
1823,2605,5202
1824,5254,5256
1825,9195,4260
1826,4957,4260
1827,3755,5258
1828,3755,5259
1829,2099,5259
1830,2101,5259
1831,3755,5260
1832,5259,5260
1833,190,5262
1834,3916,5263
1835,194,5264
1836,8836,5267
1837,2050,5268
1838,2050,5269
1839,2050,5270
1840,2050,5271
1841,9208,4434
1842,190,4434
1843,9208,4676
1844,9196,4677
1845,9207,4698
1846,9208,4698
1847,4957,4708
1848,375,4708
1849,5296,5291
1850,4708,5296
1851,5289,5297
1852,5298,5300
1853,8871,5306
1854,428,435
1855,4140,5318
1856,6784,5320
1857,3380,5322
1858,9058,5332
1859,2010,5333
1860,190,5334
1861,9150,4719
1862,4957,4719
1863,375,4719
1864,190,4719
1865,376,6889
1866,4719,6889
1867,9150,5292
1868,5291,5292
1869,204,5292
1870,5292,5293
1871,5293,5294
1872,204,5294
1873,9217,5296
1874,9235,5296
1875,4957,5296
1876,5293,5296
1877,5372,5296
1878,194,5296
1879,5241,5296
1880,9151,5301
1881,4957,5301
1882,4959,5301
1883,4719,5301
1884,5616,5301
1885,9150,5304
1886,9151,5304
1887,4719,5304
1888,5301,5304
1889,190,5306
1890,6784,5306
1891,4678,5371
1892,4957,5371
1893,5301,5371
1894,3905,5371
1895,4708,5371
1896,4719,5371
1897,190,5371
1898,1226,6890
1899,5620,6890
1900,1226,6891
1901,6800,6891
1902,1371,5390
1903,4725,5390
1904,1371,5521
1905,1371,5522
1906,5334,5522
1907,1224,5371
1908,1225,5371
1909,204,5375
1910,4140,5377
1911,4078,5390
1912,1373,5390
1913,437,440
1914,428,441
1915,3824,444
1916,3824,445
1917,3824,446
1918,3824,448
1919,3824,449
1920,444,449
1921,3824,451
1922,445,451
1923,8421,813
1924,333,5505
1925,337,5505
1926,9044,5506
1927,3249,5507
1928,814,5510
1929,3819,5521
1930,4079,5522
1931,4086,5523
1932,8836,466
1933,466,5532
1934,813,5533
1935,814,5534
1936,3955,5534
1937,9195,5540
1938,7001,5541
1939,3378,5541
1940,466,5542
1941,3819,5545
1942,3880,5545
1943,4079,5545
1944,9199,5545
1945,4679,5596
1946,121,5619
1947,452,5619
1948,5283,5620
1949,6785,217
1950,9159,219
1951,7802,5655
1952,5655,5705
1953,163,5706
1954,164,5706
1955,5656,5706
1956,169,5762
1957,169,5763
1958,6781,5764
1959,3955,5764
1960,5765,5766
1961,5766,5767
1962,8418,5768
1963,5768,5769
1964,5768,5770
1965,8425,5772
1966,5768,5772
1967,8426,5773
1968,8431,5774
1969,5770,5776
1970,5776,5777
1971,5769,5778
1972,5770,5778
1973,8431,5779
1974,5778,5779
1975,169,5780
1976,5762,5781
1977,5706,5782
1978,5762,5782
1979,5781,5782
1980,5654,5783
1981,1371,5786
1982,9148,5787
1983,1256,5788
1984,5781,5788
1985,5374,5803
1986,5375,5803
1987,5376,5803
1988,5784,5806
1989,5781,5809
1990,5706,5810
1991,5784,5811
1992,5318,5813
1993,204,5813
1994,6784,5816
1995,4321,5817
1996,4321,5818
1997,4681,5818
1998,30,5819
1999,30,5820
2000,9181,5523
2001,4757,5824
2002,5189,5824
2003,5190,5824
2004,3868,5825
2005,5523,5540
2006,452,5541
2007,351,5541
2008,375,5545
2009,4957,5545
2010,9150,5784
2011,9151,5784
2012,190,5784
2013,4725,5784
2014,394,5841
2015,5844,5845
2016,5844,5846
2017,6307,5846
2018,5844,5848
2019,5826,5850
2020,5843,5850
2021,1109,5906
2022,105,3232
2023,9151,5787
2024,9150,5910
2025,5372,5910
2026,190,5910
2027,9150,5806
2028,9151,5806
2029,376,5806
2030,9195,5806
2031,4957,5806
2032,9150,5917
2033,9151,5917
2034,375,5917
2035,190,5917
2036,1371,5922
2037,1375,5922
2038,190,5922
2039,9196,5922
2040,4957,5922
2041,1375,5916
2042,5784,5917
2043,5261,4210
2044,9728,4210
2045,481,4209
2046,471,5921
2047,1394,5921
2048,3225,5979
2049,5769,6104
2050,5768,837
2051,5778,837
2052,5616,6107
2053,5768,6107
2054,6107,839
2055,5773,839
2056,5296,988
2057,6107,988
2058,839,841
2059,5844,6307
2060,5844,6308
2061,6307,6308
2062,5814,6409
2063,6409,7596
2064,6409,7595
2065,7596,7595
2066,6409,7597
2067,7595,7597
2068,6409,7599
2069,6409,7598
2070,7599,7598
2071,7598,7600
2072,6646,7626
2073,6647,7626
2074,7620,6646
2075,6556,6646
2076,7581,6647
2077,5834,6647
2078,6646,6647
2079,6646,6648
2080,6646,6649
2081,6647,6649
2082,6409,6774
2083,7595,6774
2084,7597,6774
2085,7601,6774
2086,6420,6774
2087,6409,6775
2088,7596,6775
2089,7595,6775
2090,7597,6775
2091,7601,6775
2092,6420,6775
2093,6409,6776
2094,7596,6776
2095,7595,6776
2096,7597,6776
2097,7601,6776
2098,6420,6776
2099,6409,6777
2100,7596,6777
2101,7595,6777
2102,7601,6777
2103,6420,6777
2104,7599,7797
2105,7598,7797
2106,7600,7797
2107,7602,7797
2108,6420,7797
2109,7599,7798
2110,7598,7798
2111,7600,7798
2112,7602,7798
2113,6420,7798
2114,7599,7799
2115,7598,7799
2116,7600,7799
2117,7602,7799
2118,6420,7799
2119,6409,6794
2120,7596,6794
2121,7599,6794
2122,7598,6794
2123,7600,6794
2124,7602,6794
2125,6420,6794
2126,6784,6795
2127,5620,6800
2128,6800,6802
2129,6800,6826
2130,9190,6827
2131,9192,6828
2132,5780,6836
2133,6870,6873
2134,6840,6877
2135,9195,6889
2136,10741,6890
2137,9637,6891
2138,5784,6924
2139,9150,6924
2140,9150,6925
2141,5784,6926
2142,1371,6928
2143,6928,6930
2144,6929,6930
2145,7595,7800
2146,6420,7800
2147,7598,7801
2148,6420,7801
2149,7595,7802
2150,6420,7802
2151,6420,7803
2152,6420,7804
2153,7076,7804
2154,6420,7805
2155,6420,7806
2156,7807,7808
2157,6648,7811
2158,6646,7811
2159,6647,7811
2160,7971,7001
2161,5250,7029
2162,2120,1110
2163,6409,7812
2164,7597,7812
2165,7600,7812
2166,7596,7070
2167,7599,7070
2168,7595,7813
2169,7598,7813
2170,7601,7813
2171,7602,7813
2172,6420,7813
2173,7596,7072
2174,7595,7072
2175,7599,7073
2176,7598,7073
2177,7600,7073
2178,7602,7073
2179,6420,7073
2180,7599,7815
2181,7598,7815
2182,7600,7815
2183,7602,7815
2184,6420,7815
2185,7599,7075
2186,7598,7075
2187,7600,7075
2188,7602,7075
2189,6420,7075
2190,6409,7076
2191,7595,7076
2192,7597,7076
2193,7601,7076
2194,6420,7076
2195,3883,7077
2196,7077,7078
2197,7077,7094
2198,393,7118
2199,2121,7118
2200,342,1117
2201,2120,1117
2202,8836,1117
2203,2123,7122
2204,2120,1120
2205,2122,1120
2206,342,7127
2207,7126,7127
2208,346,7128
2209,8836,7128
2210,77,5785
2211,8934,5785
2212,3225,5785
2213,3226,5785
2214,9150,5979
2215,9151,5979
2216,77,5979
2217,8934,5979
2218,3226,5979
2219,3230,5979
2220,346,7170
2221,2122,7170
2222,8836,7171
2223,8836,7172
2224,9498,7174
2225,1375,5979
2226,9151,6924
2227,1375,6924
2228,4957,6924
2229,9151,6925
2230,1375,6925
2231,4957,6925
2232,9151,6926
2233,1375,6926
2234,1227,6928
2235,1375,6928
2236,1227,6929
2237,1638,6929
2238,1375,6930
2239,1726,7224
2240,1727,7224
2241,1726,7225
2242,1727,7225
2243,1726,7226
2244,1727,7226
2245,452,7227
2246,1726,7227
2247,1727,7227
2248,1875,7227
2249,7227,7228
2250,7227,7229
2251,8868,7248
2252,8871,8872
2253,2053,8880
2254,8891,8892
2255,2117,9021
2256,8895,9022
2257,8886,8899
2258,10834,7264
2259,8002,7268
2260,1721,8905
2261,8004,7271
2262,7920,8910
2263,8913,8914
2264,2065,9051
2265,7802,7307
2266,7924,7308
2267,7308,7310
2268,7309,7310
2269,7927,308
2270,7928,308
2271,332,339
2272,332,342
2273,332,346
2274,342,346
2275,351,7334
2276,355,365
2277,6646,7912
2278,7626,7913
2279,6646,7913
2280,6647,7913
2281,7912,7913
2282,6556,7914
2283,7626,7914
2284,6646,7914
2285,6647,7914
2286,7912,7914
2287,7913,7914
2288,6556,7915
2289,7626,7915
2290,6646,7915
2291,6647,7915
2292,7912,7915
2293,7913,7915
2294,7914,7915
2295,5835,7916
2296,6556,7916
2297,7626,7916
2298,6646,7916
2299,7912,7916
2300,7913,7916
2301,7914,7916
2302,5836,7918
2303,6557,7918
2304,6648,7918
2305,6803,7919
2306,6806,7919
2307,6803,7920
2308,6804,7920
2309,6803,7921
2310,6805,7921
2311,6804,7922
2312,6805,7922
2313,6806,7922
2314,373,407
2315,373,409
2316,405,409
2317,407,411
2318,409,411
2319,7807,438
2320,8130,438
2321,839,842
2322,841,842
2323,9797,7490
2324,841,843
2325,842,843
2326,7333,447
2327,6648,481
2328,475,481
2329,839,844
2330,5534,986
2331,839,986
2332,5773,987
2333,988,7518
2334,843,7518
2335,5296,1014
2336,7518,1014
2337,988,1015
2338,1015,7552
2339,844,7553
2340,7518,7553
2341,5770,7554
2342,843,7555
2343,7554,7555
2344,7555,7556
2345,7518,7557
2346,7555,7557
2347,7555,7558
2348,7555,7580
2349,7558,7580
2350,5814,7581
2351,5485,7581
2352,7581,5834
2353,5835,5834
2354,5836,5835
2355,5814,7593
2356,5835,7593
2357,5835,5836
2358,6557,5836
2359,7595,7596
2360,6409,7600
2361,7599,7600
2362,7593,7601
2363,7595,7601
2364,7602,7601
2365,7593,7602
2366,7601,7602
2367,5485,7618
2368,7595,7620
2369,7596,7620
2370,7597,7620
2371,7618,7620
2372,7595,7621
2373,7596,7621
2374,7597,7621
2375,7618,7621
2376,7595,6555
2377,7596,6555
2378,7597,6555
2379,5834,6556
2380,5835,6556
2381,6649,7626
2382,7621,6646
2383,6556,6647
2384,6648,6647
2385,5835,7629
2386,6646,7629
2387,6774,7629
2388,405,7636
2389,7636,7637
2390,7636,7653
2391,1875,121
2392,547,549
2393,606,7667
2394,411,554
2395,554,559
2396,7665,5620
2397,6804,7693
2398,6805,7693
2399,6806,7693
2400,6804,7694
2401,6805,7694
2402,6806,7694
2403,7693,7694
2404,5844,7923
2405,6308,7923
2406,5844,7696
2407,6308,7696
2408,436,162
2409,1266,162
2410,6648,5653
2411,7596,7924
2412,7595,7924
2413,7597,7924
2414,7601,7924
2415,6420,7924
2416,7070,7924
2417,7813,7924
2418,7072,7924
2419,7596,7925
2420,7595,7925
2421,7597,7925
2422,7599,7925
2423,7601,7925
2424,6420,7925
2425,6774,7925
2426,6775,7925
2427,6776,7925
2428,7800,7925
2429,7802,7925
2430,7803,7925
2431,7805,7925
2432,7806,7925
2433,7812,7925
2434,7070,7925
2435,7813,7925
2436,7072,7925
2437,7596,7926
2438,7595,7926
2439,7597,7926
2440,7601,7926
2441,6420,7926
2442,6774,7926
2443,6775,7926
2444,6776,7926
2445,6777,7926
2446,7800,7926
2447,7802,7926
2448,7803,7926
2449,7805,7926
2450,7806,7926
2451,7070,7926
2452,7813,7926
2453,7072,7926
2454,7596,7747
2455,7595,7747
2456,7597,7747
2457,7601,7747
2458,6420,7747
2459,6774,7747
2460,6775,7747
2461,6776,7747
2462,6777,7747
2463,7800,7747
2464,7802,7747
2465,7803,7747
2466,7805,7747
2467,7806,7747
2468,7812,7747
2469,7070,7747
2470,7813,7747
2471,7072,7747
2472,7599,7927
2473,7598,7927
2474,7600,7927
2475,7602,7927
2476,6420,7927
2477,7797,7927
2478,7798,7927
2479,7799,7927
2480,7801,7927
2481,7073,7927
2482,7815,7927
2483,7075,7927
2484,7076,7927
2485,7598,7928
2486,7600,7928
2487,7602,7928
2488,6420,7928
2489,7797,7928
2490,7798,7928
2491,7799,7928
2492,7801,7928
2493,7073,7928
2494,7815,7928
2495,7075,7928
2496,7598,7929
2497,7600,7929
2498,7602,7929
2499,6420,7929
2500,7797,7929
2501,7798,7929
2502,7799,7929
2503,7804,7929
2504,7073,7929
2505,7815,7929
2506,7075,7929
2507,7599,7751
2508,7598,7751
2509,7600,7751
2510,7602,7751
2511,6420,7751
2512,7797,7751
2513,7798,7751
2514,7799,7751
2515,7073,7751
2516,7815,7751
2517,7075,7751
2518,7595,163
2519,7598,163
2520,7595,7930
2521,7598,7930
2522,7800,7930
2523,7801,7930
2524,7747,7932
2525,7751,7932
2526,7930,7932
2527,7800,7933
2528,7801,7933
2529,6453,7934
2530,7934,7935
2531,7934,7936
2532,7934,7937
2533,7935,7937
2534,7936,7937
2535,7800,5655
2536,7598,164
2537,7930,5656
2538,7930,5705
2539,7690,7781
2540,7691,7782
2541,7781,7788
2542,6646,7790
2543,5836,6648
2544,6557,6648
2545,7790,6648
2546,6775,6774
2547,6774,6775
2548,6776,6775
2549,6774,6776
2550,6775,6776
2551,7798,7797
2552,7797,7798
2553,7797,7799
2554,7798,7799
2555,7805,7800
2556,7806,7800
2557,7800,7801
2558,7813,7802
2559,7595,7803
2560,7618,7803
2561,7802,7803
2562,7618,7804
2563,6409,7804
2564,7595,7805
2565,7597,7805
2566,7806,7805
2567,7812,7805
2568,7813,7805
2569,7595,7806
2570,7597,7806
2571,7805,7806
2572,7812,7806
2573,7813,7806
2574,7626,7811
2575,6649,7811
2576,7809,7811
2577,7810,7811
2578,7813,7812
2579,6409,7813
2580,7800,7813
2581,7803,7813
2582,7806,7813
2583,7805,7813
2584,6409,7815
2585,7801,7815
2586,7804,7815
2587,7817,7818
2588,6456,7939
2589,6804,7939
2590,6805,7939
2591,6806,7939
2592,7919,7940
2593,7920,7940
2594,7921,7940
2595,7693,7940
2596,7694,7940
2597,7938,7822
2598,7939,7822
2599,7940,7822
2600,355,7823
2601,7596,7941
2602,7916,7941
2603,7941,7942
2604,7916,7943
2605,7941,7943
2606,7942,7943
2607,7942,7944
2608,7942,7945
2609,9049,9090
2610,9049,9091
2611,1531,9063
2612,9064,9066
2613,7944,5707
2614,7944,5761
2615,2617,5763
2616,169,1255
2617,351,1255
2618,7944,5780
2619,2616,5781
2620,5619,5781
2621,2619,5782
2622,9067,9098
2623,10821,9098
2624,1576,9078
2625,9072,9078
2626,9077,9079
2627,1576,9080
2628,9078,9080
2629,1581,9082
2630,9072,9082
2631,9081,7862
2632,1581,7863
2633,1583,7866
2634,8135,7867
2635,8135,9797
2636,8137,3291
2637,8137,9120
2638,7310,1935
2639,1933,1935
2640,7629,7912
2641,7913,7912
2642,7943,7912
2643,7944,7912
2644,6649,7913
2645,7629,7914
2646,7915,7914
2647,7629,7915
2648,7618,7916
2649,7629,7916
2650,7915,7916
2651,7921,7923
2652,6646,7924
2653,7802,7924
2654,6646,7925
2655,7914,7926
2656,6646,7927
2657,6646,7928
2658,6646,7929
2659,7914,7929
2660,7595,7932
2661,7598,7932
2662,7595,7933
2663,7597,7933
2664,7598,7933
2665,7600,7933
2666,7935,7936
2667,7937,7936
2668,6649,7941
2669,7809,7941
2670,7811,7941
2671,6646,7942
2672,6649,7942
2673,6646,7943
2674,6649,7943
2675,7800,7943
2676,6646,7944
2677,6649,7944
2678,7943,7944
2679,7945,7944
2680,7943,7945
2681,7944,7945
2682,4961,7949
2683,4961,7950
2684,7947,7950
2685,3868,7951
2686,7947,7951
2687,7950,7951
2688,4961,7952
2689,7949,7953
2690,5828,7957
2691,5828,7958
2692,2769,7960
2693,3957,254
2694,2824,254
2695,4604,254
2696,4604,278
2697,4604,5248
2698,4604,285
2699,4604,287
2700,4604,289
2701,3829,7977
2702,4604,5250
2703,8419,5254
2704,7626,8001
2705,7913,8001
2706,8027,8001
2707,6646,8002
2708,7914,8002
2709,8027,8002
2710,8001,8002
2711,7595,8003
2712,6774,8003
2713,6775,8003
2714,6776,8003
2715,7915,8003
2716,7618,8004
2717,7629,8004
2718,7912,8004
2719,7916,8004
2720,8027,8004
2721,6557,8005
2722,7790,8005
2723,6648,8005
2724,7918,8005
2725,6646,8006
2726,7942,8006
2727,7943,8006
2728,7944,8006
2729,7945,8006
2730,6646,8014
2731,7942,8014
2732,7943,8014
2733,7944,8014
2734,7945,8014
2735,6646,8015
2736,7942,8015
2737,7943,8015
2738,7944,8015
2739,7945,8015
2740,6646,8016
2741,7942,8016
2742,7943,8016
2743,7944,8016
2744,7945,8016
2745,6646,8017
2746,7942,8017
2747,7943,8017
2748,7944,8017
2749,7945,8017
2750,6646,8018
2751,7942,8018
2752,7943,8018
2753,7944,8018
2754,7945,8018
2755,6646,8019
2756,7942,8019
2757,7943,8019
2758,7944,8019
2759,7945,8019
2760,6646,8020
2761,7942,8020
2762,7943,8020
2763,7944,8020
2764,7945,8020
2765,8006,8021
2766,8014,8021
2767,8015,8021
2768,8016,8021
2769,8017,8021
2770,8018,8021
2771,8019,8021
2772,8020,8021
2773,7593,8022
2774,8006,8022
2775,8014,8022
2776,8015,8022
2777,8016,8022
2778,8017,8022
2779,8018,8022
2780,8019,8022
2781,8020,8022
2782,8021,8022
2783,6646,8023
2784,6556,8027
2785,6646,8027
2786,7912,8027
2787,7913,8027
2788,6556,8001
2789,6646,8001
2790,7912,8001
2791,7914,8001
2792,7915,8001
2793,6556,8002
2794,7626,8002
2795,6647,8002
2796,7913,8002
2797,7915,8002
2798,6555,8003
2799,7626,8003
2800,7913,8003
2801,5836,8005
2802,7941,8006
2803,7941,8014
2804,7941,8015
2805,7941,8017
2806,7941,8019
2807,7941,8020
2808,7941,8021
2809,7942,8021
2810,7943,8021
2811,7944,8021
2812,7945,8021
2813,7941,8023
2814,7942,8023
2815,7943,8023
2816,7944,8023
2817,7945,8023
2818,7941,8122
2819,7942,8122
2820,7943,8122
2821,7944,8122
2822,7945,8122
2823,7934,8123
2824,7935,8124
2825,7936,8124
2826,7934,8125
2827,7934,8126
2828,7937,8127
2829,7807,8129
2830,7808,8129
2831,7807,8130
2832,7808,8130
2833,7807,8131
2834,7808,8131
2835,8129,8131
2836,8130,8131
2837,7807,8132
2838,7808,8132
2839,8129,8132
2840,8130,8132
2841,7807,8133
2842,7808,8133
2843,8129,8133
2844,8130,8133
2845,7807,8134
2846,7808,8134
2847,8129,8134
2848,8130,8134
2849,7938,8135
2850,7939,8135
2851,7822,8135
2852,7811,8092
2853,7811,8093
2854,8023,8093
2855,8097,8094
2856,8094,8095
2857,8097,8095
2858,8094,8096
2859,8095,8096
2860,8097,8096
2861,8094,8097
2862,8095,8097
2863,8096,8097
2864,7809,5788
2865,3703,5788
2866,7810,5788
2867,7944,1256
2868,5788,1256
2869,7944,8830
2870,351,8830
2871,5788,8831
2872,1256,8831
2873,7944,9160
2874,5788,9164
2875,7621,8122
2876,7626,8122
2877,7935,8123
2878,7936,8123
2879,7937,8123
2880,8124,8123
2881,8127,8123
2882,7934,8124
2883,7937,8124
2884,8123,8124
2885,7935,8125
2886,7936,8125
2887,7935,8126
2888,7936,8126
2889,7934,8127
2890,7935,8127
2891,7936,8127
2892,8123,8127
2893,8124,8127
2894,8129,8130
2895,8131,8130
2896,8132,8130
2897,8131,8132
2898,8133,8132
2899,8131,8133
2900,8132,8133
2901,8131,8134
2902,8132,8134
2903,8133,8134
2904,7939,8136
2905,7940,8136
2906,8135,8136
2907,8137,8136
2908,8138,8136
2909,7939,8137
2910,7940,8137
2911,8135,8138
2912,8136,8138
2913,8137,8138
2914,5780,5808
2915,7944,5809
2916,351,5809
2917,7310,1963
2918,1961,1963
2919,7941,8016
2920,7941,8018
2921,8138,1984
2922,7595,1260
2923,7598,1260
2924,5788,6785
2925,6784,6785
2926,606,1261
2927,605,1261
2928,1260,1262
2929,7918,2050
2930,8005,2050
2931,7941,8022
2932,7942,8022
2933,7943,8022
2934,7944,8022
2935,7945,8022
2936,11214,2054
2937,2065,2066
2938,559,2068
2939,9164,9166
2940,5810,6795
2941,9166,6795
2942,5809,6795
2943,6784,9171
2944,1263,9171
2945,6784,9172
2946,8238,2098
2947,2096,2099
2948,2097,2100
2949,2099,2101
2950,2100,2101
2951,2052,2103
2952,2052,2104
2953,2104,2105
2954,332,10618
2955,2053,10618
2956,1266,6800
2957,2116,6800
2958,6800,6801
2959,7665,6801
2960,5653,6801
2961,5788,9181
2962,6784,9181
2963,6801,1267
2964,6800,6825
2965,6801,6825
2966,2621,1268
2967,6784,1268
2968,1456,1268
2969,6784,9184
2970,9181,9184
2971,6784,1269
2972,2621,1270
2973,6784,1270
2974,1456,1270
2975,6784,9186
2976,9181,9186
2977,6825,1271
2978,1268,1271
2979,1269,1271
2980,360,2719
2981,2116,2117
2982,2119,2120
2983,2120,2122
2984,2120,8836
2985,8289,2711
2986,8289,1200
2987,1183,10572
2988,360,8343
2989,1184,8344
2990,8289,8344
2991,2717,8403
2992,8404,2725
2993,8418,8423
2994,8419,8423
2995,8418,8424
2996,8419,8424
2997,8420,8426
2998,8426,8429
2999,8426,8430
3000,8426,8433
3001,7309,8481
3002,309,8481
3003,7926,8481
3004,7929,8481
3005,587,588
3006,587,591
3007,455,596
3008,8791,3793
3009,4974,8794
3010,8790,3794
3011,3793,3794
3012,1875,7667
3013,5780,8830
3014,5781,8830
3015,8830,8831
3016,2053,8832
3017,7920,8832
3018,2053,8247
3019,7920,8247
3020,600,601
3021,600,602
3022,7248,10821
3023,8877,8878
3024,2053,8879
3025,11214,8879
3026,2063,8880
3027,11214,8880
3028,2053,8881
3029,11214,8881
3030,2053,8882
3031,11214,8882
3032,2055,8882
3033,2053,8883
3034,11214,8883
3035,2055,8883
3036,8871,8884
3037,2052,8885
3038,2053,8885
3039,11214,8885
3040,2053,8886
3041,2116,8887
3042,11235,8887
3043,8886,8889
3044,8887,8889
3045,8886,8890
3046,436,8891
3047,8877,8891
3048,11239,8893
3049,8893,8895
3050,8892,8896
3051,8893,8896
3052,8890,8897
3053,8896,8897
3054,8893,9022
3055,8896,8899
3056,8897,8899
3057,11214,8900
3058,11214,8901
3059,8879,8902
3060,11214,8902
3061,11214,8903
3062,7935,8904
3063,7936,8904
3064,1722,8905
3065,1722,8906
3066,7790,8910
3067,394,8911
3068,7936,8908
3069,2052,8908
3070,11214,8908
3071,6557,8913
3072,2052,8913
3073,8908,8914
3074,2121,8931
3075,8893,9021
3076,11239,9021
3077,8868,9044
3078,8868,9045
3079,8481,9050
3080,8481,9051
3081,2132,9052
3082,8481,9053
3083,8481,9054
3084,7919,9055
3085,7248,9058
3086,8879,9058
3087,7248,9060
3088,9057,9061
3089,2052,9062
3090,1494,9063
3091,1534,9064
3092,1574,9064
3093,9064,9065
3094,9065,9066
3095,9067,9068
3096,9067,9069
3097,9067,9070
3098,1575,9072
3099,10403,9079
3100,623,9079
3101,624,9079
3102,9079,9080
3103,395,9081
3104,2119,9083
3105,397,9083
3106,398,9083
3107,595,9086
3108,1581,9086
3109,9044,9052
3110,2052,9090
3111,2052,9091
3112,593,9095
3113,9067,9095
3114,593,9096
3115,9067,9096
3116,8877,9097
3117,8891,9097
3118,1578,9099
3119,8136,3289
3120,1983,3289
3121,1983,9797
3122,9044,9120
3123,9797,9120
3124,9797,9122
3125,10330,9122
3126,9796,9124
3127,9796,9126
3128,1444,3251
3129,1443,3250
3130,1256,9160
3131,1256,9161
3132,1256,9162
3133,6784,9167
3134,6795,9167
3135,6795,9168
3136,6784,9169
3137,6795,9169
3138,6784,9170
3139,6795,9170
3140,6795,9171
3141,6795,9172
3142,5842,9182
3143,9184,9185
3144,9186,9187
3145,9185,9190
3146,9187,9192
3147,4757,9193
3148,9148,9194
3149,9158,9194
3150,9193,9194
3151,2841,9201
3152,2842,9201
3153,7126,9202
3154,9660,9202
3155,9158,9207
3156,9158,9208
3157,4886,9208
3158,9150,9217
3159,5284,9232
3160,5285,9232
3161,5286,9232
3162,9158,9238
3163,3860,1219
3164,4418,1219
3165,4419,1219
3166,395,9498
3167,10573,7174
3168,8404,9516
3169,8913,9518
3170,1180,9519
3171,1184,9519
3172,459,9527
3173,466,9527
3174,3729,610
3175,3824,610
3176,3751,611
3177,609,611
3178,5374,5816
3179,5375,5816
3180,5376,5816
3181,3751,10603
3182,609,10603
3183,3729,612
3184,609,612
3185,612,10604
3186,6870,9539
3187,6873,9539
3188,1137,9540
3189,6870,9540
3190,162,9541
3191,6870,9541
3192,8135,9557
3193,2117,8902
3194,612,10605
3195,617,10605
3196,2117,9592
3197,9021,8896
3198,8906,8908
3199,8879,9660
3200,8908,9660
3201,9045,9660
3202,8879,9661
3203,9045,9661
3204,9158,1371
3205,9055,9060
3206,9055,9058
3207,8913,9062
3208,162,5142
3209,1548,9064
3210,1720,9064
3211,78,9728
3212,5261,9728
3213,2117,9070
3214,10821,9070
3215,9095,9746
3216,9096,9747
3217,9097,9748
3218,9072,9074
3219,9072,9073
3220,1583,9074
3221,8138,9786
3222,8138,9121
3223,2125,9122
3224,3291,9122
3225,8138,9122
3226,10169,9811
3227,994,9829
3228,995,9829
3229,996,9829
3230,9811,9829
3231,9812,9829
3232,994,10590
3233,996,10590
3234,9811,10590
3235,9812,10590
3236,994,9831
3237,995,9831
3238,996,9831
3239,9811,9831
3240,9829,4234
3241,1011,9846
3242,10180,9846
3243,4963,9856
3244,8881,9921
3245,2602,9923
3246,2643,9924
3247,10569,9927
3248,3755,706
3249,7224,708
3250,3753,709
3251,705,709
3252,10169,10168
3253,971,10169
3254,5308,10777
3255,5317,10777
3256,4697,10174
3257,1011,10180
3258,6784,10182
3259,6784,10183
3260,2601,10190
3261,2600,10195
3262,1268,10196
3263,1270,10196
3264,5254,5255
3265,5843,10311
3266,7949,10311
3267,2121,10313
3268,162,10319
3269,2123,10328
3270,8836,10329
3271,8836,10330
3272,10330,10333
3273,10329,374
3274,10333,374
3275,10330,10335
3276,10333,10335
3277,2121,392
3278,2121,393
3279,394,395
3280,244,10393
3281,246,10393
3282,248,10393
3283,1375,10393
3284,459,10395
3285,355,10399
3286,10400,10401
3287,10400,10402
3288,459,10403
3289,10403,10405
3290,459,623
3291,10404,623
3292,10405,623
3293,466,624
3294,10404,624
3295,10405,624
3296,623,624
3297,10405,626
3298,624,626
3299,10330,627
3300,10330,628
3301,454,710
3302,3824,711
3303,454,711
3304,3824,712
3305,454,712
3306,711,712
3307,3824,713
3308,454,713
3309,10421,1422
3310,10421,1439
3311,1422,1439
3312,10421,10747
3313,1439,10747
3314,1422,1440
3315,1422,1449
3316,2133,10749
3317,609,1464
3318,2131,1494
3319,7943,1574
3320,10396,10398
3321,10397,10398
3322,10396,10399
3323,10397,10399
3324,26,10568
3325,1106,10569
3326,1180,10572
3327,9498,10573
3328,4662,971
3329,9161,971
3330,9162,971
3331,4720,972
3332,971,4212
3333,971,974
3334,10745,10170
3335,10169,9812
3336,10169,996
3337,10778,10591
3338,4679,1009
3339,452,10603
3340,610,10604
3341,612,10606
3342,10182,10608
3343,331,10615
3344,2052,10618
3345,1267,9856
3346,4972,10624
3347,5283,10741
3348,4699,9728
3349,5763,10744
3350,972,10745
3351,971,9743
3352,1422,10747
3353,4210,9745
3354,1450,10749
3355,1456,10752
3356,972,4233
3357,10169,4233
3358,4963,10766
3359,4679,10769
3360,4242,2600
3361,4242,10195
3362,4699,10777
3363,5261,10777
3364,972,10778
3365,2601,2602
3366,8913,2603
3367,8913,2604
3368,8913,2606
3369,2606,10784
3370,9927,10784
3371,9062,2611
3372,2610,2612
3373,2610,2614
3374,3947,10806
3375,2769,3947
3376,3945,3947
3377,3942,3947
3378,3944,3947
3379,2769,3944
3380,3942,3944
3381,3945,3943
3382,3942,3948
3383,2773,3955
3384,2786,3955
3385,2787,3955
3386,10806,3955
3387,3948,3955
3388,2831,10812
3389,1000,10814
3390,1011,10814
3391,10607,10814
3392,9811,10815
3393,10168,10815
3394,10180,10816
3395,1011,10817
3396,3860,10817
3397,6453,10819
3398,8868,10821
3399,2075,8868
3400,8868,8875
3401,2117,8893
3402,8877,10834
3403,8891,10834
3404,8911,8907
3405,8911,8909
3406,2065,10837
3407,428,10838
3408,8913,9660
3409,8913,9661
3410,9050,10841
3411,1456,10841
3412,4242,10190
3413,10190,2602
3414,8913,9927
3415,26,9927
3416,1721,11186
3417,5814,464
3418,351,363
3419,7935,429
3420,1721,1722
3421,5814,1875
3422,2052,2055
3423,2072,2073
3424,2073,2074
3425,2092,2094
3426,2093,2094
3427,2096,2097
3428,2116,11235
3429,2054,11236
3430,11235,11238
3431,11238,11239
3432,2118,11241
3433,2052,2121
3434,2052,2123
3435,342,8836
3436,11253,11254
3437,2089,2090
3438,2102,10615
3439,2127,11265
3440,11253,11265
3441,7268,11269
3442,11269,11270
3443,11270,11271
3444,7310,8481
3445,8832,8247
